-- MySQL dump 10.13  Distrib 8.0.23, for Linux (x86_64)
--
-- Host: localhost    Database: codeduel
-- ------------------------------------------------------
-- Server version	8.0.23

/*!40101 SET @OLD_CHARACTER_SET_CLIENT=@@CHARACTER_SET_CLIENT */;
/*!40101 SET @OLD_CHARACTER_SET_RESULTS=@@CHARACTER_SET_RESULTS */;
/*!40101 SET @OLD_COLLATION_CONNECTION=@@COLLATION_CONNECTION */;
/*!50503 SET NAMES utf8mb4 */;
/*!40103 SET @OLD_TIME_ZONE=@@TIME_ZONE */;
/*!40103 SET TIME_ZONE='+00:00' */;
/*!40014 SET @OLD_UNIQUE_CHECKS=@@UNIQUE_CHECKS, UNIQUE_CHECKS=0 */;
/*!40014 SET @OLD_FOREIGN_KEY_CHECKS=@@FOREIGN_KEY_CHECKS, FOREIGN_KEY_CHECKS=0 */;
/*!40101 SET @OLD_SQL_MODE=@@SQL_MODE, SQL_MODE='NO_AUTO_VALUE_ON_ZERO' */;
/*!40111 SET @OLD_SQL_NOTES=@@SQL_NOTES, SQL_NOTES=0 */;

--
-- Table structure for table `Bonus`
--

DROP TABLE IF EXISTS `Bonus`;
/*!40101 SET @saved_cs_client     = @@character_set_client */;
/*!50503 SET character_set_client = utf8mb4 */;
CREATE TABLE `Bonus` (
  `id` int NOT NULL AUTO_INCREMENT,
  `name` varchar(255) DEFAULT NULL,
  `createdAt` datetime NOT NULL,
  `updatedAt` datetime NOT NULL,
  PRIMARY KEY (`id`)
) ENGINE=InnoDB DEFAULT CHARSET=utf8mb4 COLLATE=utf8mb4_0900_ai_ci;
/*!40101 SET character_set_client = @saved_cs_client */;

--
-- Dumping data for table `Bonus`
--

LOCK TABLES `Bonus` WRITE;
/*!40000 ALTER TABLE `Bonus` DISABLE KEYS */;
/*!40000 ALTER TABLE `Bonus` ENABLE KEYS */;
UNLOCK TABLES;

--
-- Table structure for table `CardCombos`
--

DROP TABLE IF EXISTS `CardCombos`;
/*!40101 SET @saved_cs_client     = @@character_set_client */;
/*!50503 SET character_set_client = utf8mb4 */;
CREATE TABLE `CardCombos` (
  `createdAt` datetime NOT NULL,
  `updatedAt` datetime NOT NULL,
  `CardId` int NOT NULL,
  `ComboId` int NOT NULL,
  PRIMARY KEY (`CardId`,`ComboId`)
) ENGINE=InnoDB DEFAULT CHARSET=utf8mb4 COLLATE=utf8mb4_0900_ai_ci;
/*!40101 SET character_set_client = @saved_cs_client */;

--
-- Dumping data for table `CardCombos`
--

LOCK TABLES `CardCombos` WRITE;
/*!40000 ALTER TABLE `CardCombos` DISABLE KEYS */;
INSERT INTO `CardCombos` VALUES ('2023-07-25 03:48:21','2023-07-25 03:48:21',1,14),('2023-07-25 03:48:21','2023-07-25 03:48:21',2,15),('2023-07-25 03:48:21','2023-07-25 03:48:21',2,16),('2023-07-25 03:48:21','2023-07-25 03:48:21',3,17),('2023-07-25 03:48:21','2023-07-25 03:48:21',4,18),('2023-07-25 03:48:21','2023-07-25 03:48:21',6,17),('2023-07-25 03:48:21','2023-07-25 03:48:21',8,19),('2023-07-25 03:48:21','2023-07-25 03:48:21',10,1),('2023-07-25 03:48:21','2023-07-25 03:48:21',10,7),('2023-07-25 03:48:21','2023-07-25 03:48:21',10,18),('2023-07-25 03:48:21','2023-07-25 03:48:21',10,30),('2023-07-25 03:48:21','2023-07-25 03:48:21',10,35),('2023-07-25 03:48:21','2023-07-25 03:48:21',10,40),('2023-07-25 03:48:21','2023-07-25 03:48:21',11,4),('2023-07-25 03:48:21','2023-07-25 03:48:21',11,24),('2023-07-25 03:48:21','2023-07-25 03:48:21',12,6),('2023-07-25 03:48:21','2023-07-25 03:48:21',12,11),('2023-07-25 03:48:21','2023-07-25 03:48:21',13,20),('2023-07-25 03:48:21','2023-07-25 03:48:21',14,21),('2023-07-25 03:48:21','2023-07-25 03:48:21',14,22),('2023-07-25 03:48:21','2023-07-25 03:48:21',16,23),('2023-07-25 03:48:21','2023-07-25 03:48:21',17,13),('2023-07-25 03:48:21','2023-07-25 03:48:21',18,12),('2023-07-25 03:48:21','2023-07-25 03:48:21',19,24),('2023-07-25 03:48:21','2023-07-25 03:48:21',21,25),('2023-07-25 03:48:21','2023-07-25 03:48:21',22,4),('2023-07-25 03:48:21','2023-07-25 03:48:21',22,10),('2023-07-25 03:48:21','2023-07-25 03:48:21',22,20),('2023-07-25 03:48:21','2023-07-25 03:48:21',24,1),('2023-07-25 03:48:21','2023-07-25 03:48:21',24,7),('2023-07-25 03:48:21','2023-07-25 03:48:21',25,2),('2023-07-25 03:48:21','2023-07-25 03:48:21',25,31),('2023-07-25 03:48:21','2023-07-25 03:48:21',26,2),('2023-07-25 03:48:21','2023-07-25 03:48:21',26,3),('2023-07-25 03:48:21','2023-07-25 03:48:21',26,7),('2023-07-25 03:48:21','2023-07-25 03:48:21',26,15),('2023-07-25 03:48:21','2023-07-25 03:48:21',26,21),('2023-07-25 03:48:21','2023-07-25 03:48:21',26,32),('2023-07-25 03:48:21','2023-07-25 03:48:21',26,34),('2023-07-25 03:48:21','2023-07-25 03:48:21',26,37),('2023-07-25 03:48:21','2023-07-25 03:48:21',26,42),('2023-07-25 03:48:21','2023-07-25 03:48:21',26,44),('2023-07-25 03:48:21','2023-07-25 03:48:21',26,46),('2023-07-25 03:48:21','2023-07-25 03:48:21',27,34),('2023-07-25 03:48:21','2023-07-25 03:48:21',29,26),('2023-07-25 03:48:21','2023-07-25 03:48:21',30,26),('2023-07-25 03:48:21','2023-07-25 03:48:21',31,27),('2023-07-25 03:48:21','2023-07-25 03:48:21',32,35),('2023-07-25 03:48:21','2023-07-25 03:48:21',34,29),('2023-07-25 03:48:21','2023-07-25 03:48:21',35,23),('2023-07-25 03:48:21','2023-07-25 03:48:21',35,37),('2023-07-25 03:48:21','2023-07-25 03:48:21',35,38),('2023-07-25 03:48:21','2023-07-25 03:48:21',36,36),('2023-07-25 03:48:21','2023-07-25 03:48:21',37,5),('2023-07-25 03:48:21','2023-07-25 03:48:21',38,9),('2023-07-25 03:48:21','2023-07-25 03:48:21',40,9),('2023-07-25 03:48:21','2023-07-25 03:48:21',40,19),('2023-07-25 03:48:21','2023-07-25 03:48:21',40,27),('2023-07-25 03:48:21','2023-07-25 03:48:21',41,9),('2023-07-25 03:48:21','2023-07-25 03:48:21',41,11),('2023-07-25 03:48:21','2023-07-25 03:48:21',41,12),('2023-07-25 03:48:21','2023-07-25 03:48:21',41,13),('2023-07-25 03:48:21','2023-07-25 03:48:21',42,8),('2023-07-25 03:48:21','2023-07-25 03:48:21',43,28),('2023-07-25 03:48:21','2023-07-25 03:48:21',44,25),('2023-07-25 03:48:21','2023-07-25 03:48:21',44,29),('2023-07-25 03:48:21','2023-07-25 03:48:21',44,46),('2023-07-25 03:48:21','2023-07-25 03:48:21',44,47),('2023-07-25 03:48:21','2023-07-25 03:48:21',45,8),('2023-07-25 03:48:21','2023-07-25 03:48:21',45,28),('2023-07-25 03:48:21','2023-07-25 03:48:21',46,8),('2023-07-25 03:48:21','2023-07-25 03:48:21',46,14),('2023-07-25 03:48:21','2023-07-25 03:48:21',46,41),('2023-07-25 03:48:21','2023-07-25 03:48:21',47,30),('2023-07-25 03:48:21','2023-07-25 03:48:21',49,10),('2023-07-25 03:48:21','2023-07-25 03:48:21',50,31),('2023-07-25 03:48:21','2023-07-25 03:48:21',52,32),('2023-07-25 03:48:21','2023-07-25 03:48:21',52,33),('2023-07-25 03:48:21','2023-07-25 03:48:21',53,5),('2023-07-25 03:48:21','2023-07-25 03:48:21',53,6),('2023-07-25 03:48:21','2023-07-25 03:48:21',53,39),('2023-07-25 03:48:21','2023-07-25 03:48:21',54,39),('2023-07-25 03:48:21','2023-07-25 03:48:21',55,40),('2023-07-25 03:48:21','2023-07-25 03:48:21',56,41),('2023-07-25 03:48:21','2023-07-25 03:48:21',57,42),('2023-07-25 03:48:21','2023-07-25 03:48:21',57,43),('2023-07-25 03:48:21','2023-07-25 03:48:21',58,3),('2023-07-25 03:48:21','2023-07-25 03:48:21',58,16),('2023-07-25 03:48:21','2023-07-25 03:48:21',58,22),('2023-07-25 03:48:21','2023-07-25 03:48:21',58,33),('2023-07-25 03:48:21','2023-07-25 03:48:21',58,38),('2023-07-25 03:48:21','2023-07-25 03:48:21',58,43),('2023-07-25 03:48:21','2023-07-25 03:48:21',58,45),('2023-07-25 03:48:21','2023-07-25 03:48:21',58,47),('2023-07-25 03:48:21','2023-07-25 03:48:21',59,36),('2023-07-25 03:48:21','2023-07-25 03:48:21',59,44),('2023-07-25 03:48:21','2023-07-25 03:48:21',59,45),('2023-07-25 03:48:21','2023-07-25 03:48:21',59,48),('2023-07-25 03:48:21','2023-07-25 03:48:21',60,48);
/*!40000 ALTER TABLE `CardCombos` ENABLE KEYS */;
UNLOCK TABLES;

--
-- Table structure for table `CardDecks`
--

DROP TABLE IF EXISTS `CardDecks`;
/*!40101 SET @saved_cs_client     = @@character_set_client */;
/*!50503 SET character_set_client = utf8mb4 */;
CREATE TABLE `CardDecks` (
  `createdAt` datetime NOT NULL,
  `updatedAt` datetime NOT NULL,
  `CardId` int NOT NULL,
  `DeckId` int NOT NULL,
  PRIMARY KEY (`CardId`,`DeckId`)
) ENGINE=InnoDB DEFAULT CHARSET=utf8mb4 COLLATE=utf8mb4_0900_ai_ci;
/*!40101 SET character_set_client = @saved_cs_client */;

--
-- Dumping data for table `CardDecks`
--

LOCK TABLES `CardDecks` WRITE;
/*!40000 ALTER TABLE `CardDecks` DISABLE KEYS */;
/*!40000 ALTER TABLE `CardDecks` ENABLE KEYS */;
UNLOCK TABLES;

--
-- Table structure for table `Cards`
--

DROP TABLE IF EXISTS `Cards`;
/*!40101 SET @saved_cs_client     = @@character_set_client */;
/*!50503 SET character_set_client = utf8mb4 */;
CREATE TABLE `Cards` (
  `id` int NOT NULL AUTO_INCREMENT,
  `name` varchar(255) DEFAULT NULL,
  `value` int DEFAULT NULL,
  `type` varchar(255) DEFAULT NULL,
  `cost` int DEFAULT NULL,
  `osId` int DEFAULT NULL,
  `filePath` varchar(255) DEFAULT NULL,
  `createdAt` datetime NOT NULL,
  `updatedAt` datetime NOT NULL,
  PRIMARY KEY (`id`)
) ENGINE=InnoDB AUTO_INCREMENT=172 DEFAULT CHARSET=utf8mb4 COLLATE=utf8mb4_0900_ai_ci;
/*!40101 SET character_set_client = @saved_cs_client */;

--
-- Dumping data for table `Cards`
--

LOCK TABLES `Cards` WRITE;
/*!40000 ALTER TABLE `Cards` DISABLE KEYS */;
INSERT INTO `Cards` VALUES (1,'actix_web',10,'attack',1,1,'actix_web.png','2023-07-25 04:00:33','2023-07-25 04:00:33'),(2,'Angular',20,'attack',2,1,'Angular.png','2023-07-25 04:00:33','2023-07-25 04:00:33'),(3,'ASP.NET Core',20,'attack',2,1,'ASP.NET Core.png','2023-07-25 04:00:33','2023-07-25 04:00:33'),(4,'Bootstrap',10,'attack',1,1,'Bootstrap.png','2023-07-25 04:00:33','2023-07-25 04:00:33'),(5,'C',40,'attack',4,1,'C.png','2023-07-25 04:00:33','2023-07-25 04:00:33'),(6,'C#',50,'attack',5,1,'C#.png','2023-07-25 04:00:33','2023-07-25 04:00:33'),(7,'C++',50,'attack',5,1,'C++.png','2023-07-25 04:00:33','2023-07-25 04:00:33'),(8,'cakePHP',10,'attack',1,1,'cakePHP.png','2023-07-25 04:00:33','2023-07-25 04:00:33'),(9,'cobol',10,'attack',1,1,'cobol.png','2023-07-25 04:00:33','2023-07-25 04:00:33'),(10,'CSS',10,'attack',1,1,'css.png','2023-07-25 04:00:33','2023-07-25 04:00:33'),(11,'dart',20,'attack',2,1,'dart.png','2023-07-25 04:00:33','2023-07-25 04:00:33'),(12,'Django',20,'attack',2,1,'django.png','2023-07-25 04:00:33','2023-07-25 04:00:33'),(13,'Echo',20,'attack',2,1,'Echo.png','2023-07-25 04:00:33','2023-07-25 04:00:33'),(14,'Electron',20,'attack',2,1,'Elixir.png','2023-07-25 04:00:33','2023-07-25 04:00:33'),(15,'Elixir',10,'attack',1,1,'Elixir.png','2023-07-25 04:00:33','2023-07-25 04:00:33'),(16,'FastAPI',10,'attack',1,1,'FastAPI.png','2023-07-25 04:00:33','2023-07-25 04:00:33'),(17,'Flask',10,'attack',1,1,'Flask.png','2023-07-25 04:00:33','2023-07-25 04:00:33'),(18,'Flutter',30,'attack',3,1,'Flutter.png','2023-07-25 04:00:33','2023-07-25 04:00:33'),(19,'Fortran',20,'attack',2,1,'Fortran.png','2023-07-25 04:00:33','2023-07-25 04:00:33'),(20,'Gatby',10,'attack',1,1,'Gatsby.png','2023-07-25 04:00:33','2023-07-25 04:00:33'),(21,'Go',40,'attack',4,1,'Go.png','2023-07-25 04:00:33','2023-07-25 04:00:33'),(22,'Haskell',20,'attack',2,1,'Haskell.png','2023-07-25 04:00:33','2023-07-25 04:00:33'),(23,'HTML',10,'attack',1,1,'HTML.png','2023-07-25 04:00:33','2023-07-25 04:00:33'),(24,'Java',50,'attack',5,1,'Java.png','2023-07-25 04:00:33','2023-07-25 04:00:33'),(25,'JavaScript',10,'attack',1,1,'JavaScript.png','2023-07-25 04:00:33','2023-07-25 04:00:33'),(26,'JQuery',10,'attack',1,1,'JQuery.png','2023-07-25 04:00:33','2023-07-25 04:00:33'),(27,'Julia',20,'attack',2,1,'Julia.png','2023-07-25 04:00:33','2023-07-25 04:00:33'),(28,'Kotlin',20,'attack',2,1,'Kotlin.png','2023-07-25 04:00:33','2023-07-25 04:00:33'),(29,'Ktor',10,'attack',1,1,'Ktor.png','2023-07-25 04:00:33','2023-07-25 04:00:33'),(30,'Laravel',10,'attack',1,1,'Laravel.png','2023-07-25 04:00:33','2023-07-25 04:00:33'),(31,'MaterialUI',10,'attack',1,1,'MaterialUI.png','2023-07-25 04:00:33','2023-07-25 04:00:33'),(32,'matlab',20,'attack',2,1,'matlab.png','2023-07-25 04:00:33','2023-07-25 04:00:33'),(33,'Next.js',20,'attack',2,1,'Next.js.png','2023-07-25 04:00:33','2023-07-25 04:00:33'),(34,'Node.js',30,'attack',3,1,'Node.js.png','2023-07-25 04:00:33','2023-07-25 04:00:33'),(35,'Nuxt.js',20,'attack',2,1,'Nuxt.js.png','2023-07-25 04:00:33','2023-07-25 04:00:33'),(36,'Objective-C',30,'attack',3,1,'Objective-C.png','2023-07-25 04:00:33','2023-07-25 04:00:33'),(37,'Perl',20,'attack',2,1,'Perl.png','2023-07-25 04:00:33','2023-07-25 04:00:33'),(38,'phoenix',10,'attack',1,1,'phoenix.png','2023-07-25 04:00:33','2023-07-25 04:00:33'),(39,'PHP',30,'attack',3,1,'PHP.png','2023-07-25 04:00:33','2023-07-25 04:00:33'),(40,'Python',20,'attack',2,1,'Python.png','2023-07-25 04:00:33','2023-07-25 04:00:33'),(41,'R',20,'attack',2,1,'R.png','2023-07-25 04:00:33','2023-07-25 04:00:33'),(42,'React',30,'attack',3,1,'React.png','2023-07-25 04:00:33','2023-07-25 04:00:33'),(43,'Ruby',20,'attack',2,1,'Ruby.png','2023-07-25 04:00:33','2023-07-25 04:00:33'),(44,'Rust',40,'attack',4,1,'Rust.png','2023-07-25 04:00:33','2023-07-25 04:00:33'),(45,'Sass',10,'attack',1,1,'Sass.png','2023-07-25 04:00:33','2023-07-25 04:00:33'),(46,'Scala',20,'attack',2,1,'Scala.png','2023-07-25 04:00:33','2023-07-25 04:00:33'),(47,'Scratch',20,'attack',2,1,'Scratch.png','2023-07-25 04:00:33','2023-07-25 04:00:33'),(48,'Spring',20,'attack',2,1,'Spring.png','2023-07-25 04:00:33','2023-07-25 04:00:33'),(49,'SQL',40,'attack',4,1,'SQL.png','2023-07-25 04:00:33','2023-07-25 04:00:33'),(50,'Svelte',10,'attack',1,1,'Svelte.png','2023-07-25 04:00:33','2023-07-25 04:00:33'),(51,'Swift',30,'attack',3,1,'Swift.png','2023-07-25 04:00:33','2023-07-25 04:00:33'),(52,'SwiftUI',10,'attack',1,1,'SwiftUI.png','2023-07-25 04:00:33','2023-07-25 04:00:33'),(53,'tailwind',10,'attack',1,1,'tailwind.png','2023-07-25 04:00:33','2023-07-25 04:00:33'),(54,'tauri',20,'attack',2,1,'tauri.png','2023-07-25 04:00:33','2023-07-25 04:00:33'),(55,'TypeScript',20,'attack',2,1,'TypeScript.png','2023-07-25 04:00:33','2023-07-25 04:00:33'),(56,'Vue.js',20,'attack',2,1,'Vue.js.png','2023-07-25 04:00:33','2023-07-25 04:00:33'),(57,'Vuetify',10,'attack',1,1,'Vuetify.png','2023-07-25 04:00:33','2023-07-25 04:00:33');
/*!40000 ALTER TABLE `Cards` ENABLE KEYS */;
UNLOCK TABLES;

--
-- Table structure for table `ComboBonus`
--

DROP TABLE IF EXISTS `ComboBonus`;
/*!40101 SET @saved_cs_client     = @@character_set_client */;
/*!50503 SET character_set_client = utf8mb4 */;
CREATE TABLE `ComboBonus` (
  `createdAt` datetime NOT NULL,
  `updatedAt` datetime NOT NULL,
  `ComboId` int NOT NULL,
  `BonusId` int NOT NULL,
  PRIMARY KEY (`ComboId`,`BonusId`)
) ENGINE=InnoDB DEFAULT CHARSET=utf8mb4 COLLATE=utf8mb4_0900_ai_ci;
/*!40101 SET character_set_client = @saved_cs_client */;

--
-- Dumping data for table `ComboBonus`
--

LOCK TABLES `ComboBonus` WRITE;
/*!40000 ALTER TABLE `ComboBonus` DISABLE KEYS */;
/*!40000 ALTER TABLE `ComboBonus` ENABLE KEYS */;
UNLOCK TABLES;

--
-- Table structure for table `Combos`
--

DROP TABLE IF EXISTS `Combos`;
/*!40101 SET @saved_cs_client     = @@character_set_client */;
/*!50503 SET character_set_client = utf8mb4 */;
CREATE TABLE `Combos` (
  `id` int NOT NULL AUTO_INCREMENT,
  `name` varchar(255) DEFAULT NULL,
  `createdAt` datetime NOT NULL,
  `updatedAt` datetime NOT NULL,
  PRIMARY KEY (`id`)
) ENGINE=InnoDB AUTO_INCREMENT=49 DEFAULT CHARSET=utf8mb4 COLLATE=utf8mb4_0900_ai_ci;
/*!40101 SET character_set_client = @saved_cs_client */;

--
-- Dumping data for table `Combos`
--

LOCK TABLES `Combos` WRITE;
/*!40000 ALTER TABLE `Combos` DISABLE KEYS */;
INSERT INTO `Combos` VALUES (1,'Mark Up','2023-07-25 03:48:21','2023-07-25 03:48:21'),(2,'Chalk & Cheese','2023-07-25 03:48:21','2023-07-25 03:48:21'),(3,'The Script Brothers','2023-07-25 03:48:21','2023-07-25 03:48:21'),(4,'Google','2023-07-25 03:48:21','2023-07-25 03:48:21'),(5,'Apple','2023-07-25 03:48:21','2023-07-25 03:48:21'),(6,'Bird','2023-07-25 03:48:21','2023-07-25 03:48:21'),(7,'Rookie','2023-07-25 03:48:21','2023-07-25 03:48:21'),(8,'RRR!','2023-07-25 03:48:21','2023-07-25 03:48:21'),(9,'PPP!','2023-07-25 03:48:21','2023-07-25 03:48:21'),(10,'Animal','2023-07-25 03:48:21','2023-07-25 03:48:21'),(11,'Python & Django','2023-07-25 03:48:21','2023-07-25 03:48:21'),(12,'Python & Flask','2023-07-25 03:48:21','2023-07-25 03:48:21'),(13,'Python & FastAPI','2023-07-25 03:48:21','2023-07-25 03:48:21'),(14,'Rust & Actix','2023-07-25 03:48:21','2023-07-25 03:48:21'),(15,'JavaScript & Angular','2023-07-25 03:48:21','2023-07-25 03:48:21'),(16,'TypeScript & Angular','2023-07-25 03:48:21','2023-07-25 03:48:21'),(17,'C# & ASP.NET Core','2023-07-25 03:48:21','2023-07-25 03:48:21'),(18,'CSS & Bootstrap','2023-07-25 03:48:21','2023-07-25 03:48:21'),(19,'PHP & CakePHP','2023-07-25 03:48:21','2023-07-25 03:48:21'),(20,'Go & Echo','2023-07-25 03:48:21','2023-07-25 03:48:21'),(21,'JavaScript & Electron','2023-07-25 03:48:21','2023-07-25 03:48:21'),(22,'TypeScript & Electron','2023-07-25 03:48:21','2023-07-25 03:48:21'),(23,'Node.js & Express','2023-07-25 03:48:21','2023-07-25 03:48:21'),(24,'Flutter & Dart','2023-07-25 03:48:21','2023-07-25 03:48:21'),(25,'React & Gatsby','2023-07-25 03:48:21','2023-07-25 03:48:21'),(26,'Kotlin & Ktor','2023-07-25 03:48:21','2023-07-25 03:48:21'),(27,'PHP & Laravel','2023-07-25 03:48:21','2023-07-25 03:48:21'),(28,'Ruby on Rails','2023-07-25 03:48:21','2023-07-25 03:48:21'),(29,'React & Next.js','2023-07-25 03:48:21','2023-07-25 03:48:21'),(30,'CSS & Sass','2023-07-25 03:48:21','2023-07-25 03:48:21'),(31,'Java & Spring','2023-07-25 03:48:21','2023-07-25 03:48:21'),(32,'JavaScript & Svelte','2023-07-25 03:48:21','2023-07-25 03:48:21'),(33,'TypeScript & Svelte','2023-07-25 03:48:21','2023-07-25 03:48:21'),(34,'JavaScript & JQuery','2023-07-25 03:48:21','2023-07-25 03:48:21'),(35,'CSS & MaterialUI','2023-07-25 03:48:21','2023-07-25 03:48:21'),(36,'Vue & Nuxt.js','2023-07-25 03:48:21','2023-07-25 03:48:21'),(37,'JavaScript & Node.js','2023-07-25 03:48:21','2023-07-25 03:48:21'),(38,'TypeScript & Node.js','2023-07-25 03:48:21','2023-07-25 03:48:21'),(39,'Swift & SwiftUI','2023-07-25 03:48:21','2023-07-25 03:48:21'),(40,'CSS & Tailwind CSS','2023-07-25 03:48:21','2023-07-25 03:48:21'),(41,'Rust & tauri','2023-07-25 03:48:21','2023-07-25 03:48:21'),(42,'JavaScript & Three.js','2023-07-25 03:48:21','2023-07-25 03:48:21'),(43,'TypeScript & Three.js','2023-07-25 03:48:21','2023-07-25 03:48:21'),(44,'JavaScript & Vue.js','2023-07-25 03:48:21','2023-07-25 03:48:21'),(45,'TypeScript & Vue.js','2023-07-25 03:48:21','2023-07-25 03:48:21'),(46,'JavaScript & React.js','2023-07-25 03:48:21','2023-07-25 03:48:21'),(47,'TypeScript & React.js','2023-07-25 03:48:21','2023-07-25 03:48:21'),(48,'Vue & Vuetify','2023-07-25 03:48:21','2023-07-25 03:48:21');
/*!40000 ALTER TABLE `Combos` ENABLE KEYS */;
UNLOCK TABLES;

--
-- Table structure for table `Decks`
--

DROP TABLE IF EXISTS `Decks`;
/*!40101 SET @saved_cs_client     = @@character_set_client */;
/*!50503 SET character_set_client = utf8mb4 */;
CREATE TABLE `Decks` (
  `id` int NOT NULL AUTO_INCREMENT,
  `name` varchar(255) DEFAULT NULL,
  `UserId` int DEFAULT NULL,
  `createdAt` datetime NOT NULL,
  `updatedAt` datetime NOT NULL,
  PRIMARY KEY (`id`),
  KEY `UserId` (`UserId`),
  CONSTRAINT `Decks_ibfk_1` FOREIGN KEY (`UserId`) REFERENCES `Users` (`id`) ON DELETE CASCADE ON UPDATE CASCADE
) ENGINE=InnoDB DEFAULT CHARSET=utf8mb4 COLLATE=utf8mb4_0900_ai_ci;
/*!40101 SET character_set_client = @saved_cs_client */;

--
-- Dumping data for table `Decks`
--

LOCK TABLES `Decks` WRITE;
/*!40000 ALTER TABLE `Decks` DISABLE KEYS */;
/*!40000 ALTER TABLE `Decks` ENABLE KEYS */;
UNLOCK TABLES;

--
-- Table structure for table `Games`
--

DROP TABLE IF EXISTS `Games`;
/*!40101 SET @saved_cs_client     = @@character_set_client */;
/*!50503 SET character_set_client = utf8mb4 */;
CREATE TABLE `Games` (
  `id` int NOT NULL AUTO_INCREMENT,
  `OsId` int DEFAULT NULL,
  `turn` int DEFAULT NULL,
  `createdAt` datetime NOT NULL,
  `updatedAt` datetime NOT NULL,
  PRIMARY KEY (`id`),
  KEY `OsId` (`OsId`),
  CONSTRAINT `Games_ibfk_1` FOREIGN KEY (`OsId`) REFERENCES `Os` (`id`) ON DELETE CASCADE ON UPDATE CASCADE
) ENGINE=InnoDB DEFAULT CHARSET=utf8mb4 COLLATE=utf8mb4_0900_ai_ci;
/*!40101 SET character_set_client = @saved_cs_client */;

--
-- Dumping data for table `Games`
--

LOCK TABLES `Games` WRITE;
/*!40000 ALTER TABLE `Games` DISABLE KEYS */;
/*!40000 ALTER TABLE `Games` ENABLE KEYS */;
UNLOCK TABLES;

--
-- Table structure for table `Hands`
--

DROP TABLE IF EXISTS `Hands`;
/*!40101 SET @saved_cs_client     = @@character_set_client */;
/*!50503 SET character_set_client = utf8mb4 */;
CREATE TABLE `Hands` (
  `createdAt` datetime NOT NULL,
  `updatedAt` datetime NOT NULL,
  `CardId` int NOT NULL,
  `PlayerId` int NOT NULL,
  PRIMARY KEY (`CardId`,`PlayerId`)
) ENGINE=InnoDB DEFAULT CHARSET=utf8mb4 COLLATE=utf8mb4_0900_ai_ci;
/*!40101 SET character_set_client = @saved_cs_client */;

--
-- Dumping data for table `Hands`
--

LOCK TABLES `Hands` WRITE;
/*!40000 ALTER TABLE `Hands` DISABLE KEYS */;
/*!40000 ALTER TABLE `Hands` ENABLE KEYS */;
UNLOCK TABLES;

--
-- Table structure for table `Levels`
--

DROP TABLE IF EXISTS `Levels`;
/*!40101 SET @saved_cs_client     = @@character_set_client */;
/*!50503 SET character_set_client = utf8mb4 */;
CREATE TABLE `Levels` (
  `id` int NOT NULL AUTO_INCREMENT,
  `UserId` int DEFAULT NULL,
  `exp` int DEFAULT NULL,
  `level` int DEFAULT NULL,
  `createdAt` datetime NOT NULL,
  `updatedAt` datetime NOT NULL,
  PRIMARY KEY (`id`),
  KEY `UserId` (`UserId`),
  CONSTRAINT `Levels_ibfk_1` FOREIGN KEY (`UserId`) REFERENCES `Users` (`id`) ON DELETE CASCADE ON UPDATE CASCADE
) ENGINE=InnoDB DEFAULT CHARSET=utf8mb4 COLLATE=utf8mb4_0900_ai_ci;
/*!40101 SET character_set_client = @saved_cs_client */;

--
-- Dumping data for table `Levels`
--

LOCK TABLES `Levels` WRITE;
/*!40000 ALTER TABLE `Levels` DISABLE KEYS */;
/*!40000 ALTER TABLE `Levels` ENABLE KEYS */;
UNLOCK TABLES;

--
-- Table structure for table `Os`
--

DROP TABLE IF EXISTS `Os`;
/*!40101 SET @saved_cs_client     = @@character_set_client */;
/*!50503 SET character_set_client = utf8mb4 */;
CREATE TABLE `Os` (
  `id` int NOT NULL AUTO_INCREMENT,
  `name` varchar(255) DEFAULT NULL,
  `filePath` varchar(255) DEFAULT NULL,
  `createdAt` datetime NOT NULL,
  `updatedAt` datetime NOT NULL,
  PRIMARY KEY (`id`)
) ENGINE=InnoDB DEFAULT CHARSET=utf8mb4 COLLATE=utf8mb4_0900_ai_ci;
/*!40101 SET character_set_client = @saved_cs_client */;

--
-- Dumping data for table `Os`
--

LOCK TABLES `Os` WRITE;
/*!40000 ALTER TABLE `Os` DISABLE KEYS */;
/*!40000 ALTER TABLE `Os` ENABLE KEYS */;
UNLOCK TABLES;

--
-- Table structure for table `PlayerStates`
--

DROP TABLE IF EXISTS `PlayerStates`;
/*!40101 SET @saved_cs_client     = @@character_set_client */;
/*!50503 SET character_set_client = utf8mb4 */;
CREATE TABLE `PlayerStates` (
  `createdAt` datetime NOT NULL,
  `updatedAt` datetime NOT NULL,
  `PlayerId` int NOT NULL,
  `StateId` int NOT NULL,
  PRIMARY KEY (`PlayerId`,`StateId`)
) ENGINE=InnoDB DEFAULT CHARSET=utf8mb4 COLLATE=utf8mb4_0900_ai_ci;
/*!40101 SET character_set_client = @saved_cs_client */;

--
-- Dumping data for table `PlayerStates`
--

LOCK TABLES `PlayerStates` WRITE;
/*!40000 ALTER TABLE `PlayerStates` DISABLE KEYS */;
/*!40000 ALTER TABLE `PlayerStates` ENABLE KEYS */;
UNLOCK TABLES;

--
-- Table structure for table `Players`
--

DROP TABLE IF EXISTS `Players`;
/*!40101 SET @saved_cs_client     = @@character_set_client */;
/*!50503 SET character_set_client = utf8mb4 */;
CREATE TABLE `Players` (
  `id` int NOT NULL AUTO_INCREMENT,
  `UserId` int DEFAULT NULL,
  `GameId` int DEFAULT NULL,
  `skillPoint` int DEFAULT NULL,
  `createdAt` datetime NOT NULL,
  `updatedAt` datetime NOT NULL,
  PRIMARY KEY (`id`),
  KEY `UserId` (`UserId`),
  KEY `GameId` (`GameId`),
  CONSTRAINT `Players_ibfk_1` FOREIGN KEY (`UserId`) REFERENCES `Users` (`id`) ON DELETE CASCADE ON UPDATE CASCADE,
  CONSTRAINT `Players_ibfk_2` FOREIGN KEY (`GameId`) REFERENCES `Games` (`id`) ON DELETE CASCADE ON UPDATE CASCADE
) ENGINE=InnoDB DEFAULT CHARSET=utf8mb4 COLLATE=utf8mb4_0900_ai_ci;
/*!40101 SET character_set_client = @saved_cs_client */;

--
-- Dumping data for table `Players`
--

LOCK TABLES `Players` WRITE;
/*!40000 ALTER TABLE `Players` DISABLE KEYS */;
/*!40000 ALTER TABLE `Players` ENABLE KEYS */;
UNLOCK TABLES;

--
-- Table structure for table `SequelizeMeta`
--

DROP TABLE IF EXISTS `SequelizeMeta`;
/*!40101 SET @saved_cs_client     = @@character_set_client */;
/*!50503 SET character_set_client = utf8mb4 */;
CREATE TABLE `SequelizeMeta` (
  `name` varchar(255) COLLATE utf8_unicode_ci NOT NULL,
  PRIMARY KEY (`name`),
  UNIQUE KEY `name` (`name`)
) ENGINE=InnoDB DEFAULT CHARSET=utf8 COLLATE=utf8_unicode_ci;
/*!40101 SET character_set_client = @saved_cs_client */;

--
-- Dumping data for table `SequelizeMeta`
--

LOCK TABLES `SequelizeMeta` WRITE;
/*!40000 ALTER TABLE `SequelizeMeta` DISABLE KEYS */;
INSERT INTO `SequelizeMeta` VALUES ('20230120081611-create-task.js'),('20230215115942-create-user.js'),('20230215131016-create-level.js'),('20230215135057-create-os.js'),('20230215135100-create-card.js'),('20230215135919-create-deck.js'),('20230215150000-create-card-deck.js'),('20230216013218-create-combo.js'),('20230216013620-card-combo.js'),('20230216014014-create-type.js'),('20230216020310-card-type.js'),('20230216020912-create-bonus.js'),('20230216053230-combo-bonus.js'),('20230216055312-create-game.js'),('20230216055758-create-player.js'),('20230221104625-hand.js'),('20230222051711-create-state.js'),('20230222052051-player-state.js'),('20230620135100-create-card.js');
/*!40000 ALTER TABLE `SequelizeMeta` ENABLE KEYS */;
UNLOCK TABLES;

--
-- Table structure for table `States`
--

DROP TABLE IF EXISTS `States`;
/*!40101 SET @saved_cs_client     = @@character_set_client */;
/*!50503 SET character_set_client = utf8mb4 */;
CREATE TABLE `States` (
  `id` int NOT NULL AUTO_INCREMENT,
  `name` varchar(255) DEFAULT NULL,
  `createdAt` datetime NOT NULL,
  `updatedAt` datetime NOT NULL,
  PRIMARY KEY (`id`)
) ENGINE=InnoDB DEFAULT CHARSET=utf8mb4 COLLATE=utf8mb4_0900_ai_ci;
/*!40101 SET character_set_client = @saved_cs_client */;

--
-- Dumping data for table `States`
--

LOCK TABLES `States` WRITE;
/*!40000 ALTER TABLE `States` DISABLE KEYS */;
/*!40000 ALTER TABLE `States` ENABLE KEYS */;
UNLOCK TABLES;

--
-- Table structure for table `Users`
--

DROP TABLE IF EXISTS `Users`;
/*!40101 SET @saved_cs_client     = @@character_set_client */;
/*!50503 SET character_set_client = utf8mb4 */;
CREATE TABLE `Users` (
  `id` int NOT NULL AUTO_INCREMENT,
  `name` varchar(255) DEFAULT NULL,
  `uuid` char(36) CHARACTER SET utf8mb4 COLLATE utf8mb4_bin DEFAULT NULL,
  `createdAt` datetime NOT NULL,
  `updatedAt` datetime NOT NULL,
  PRIMARY KEY (`id`)
) ENGINE=InnoDB AUTO_INCREMENT=3 DEFAULT CHARSET=utf8mb4 COLLATE=utf8mb4_0900_ai_ci;
/*!40101 SET character_set_client = @saved_cs_client */;

--
-- Dumping data for table `Users`
--

LOCK TABLES `Users` WRITE;
/*!40000 ALTER TABLE `Users` DISABLE KEYS */;
INSERT INTO `Users` VALUES (1,'Test','550e8400-e29b-11d4-a716-446655440000','2023-04-21 20:37:12','2023-04-21 20:37:12'),(2,'キサコリク','112967003946520179502','2023-04-06 11:02:22','2023-04-06 11:02:22');
/*!40000 ALTER TABLE `Users` ENABLE KEYS */;
UNLOCK TABLES;
/*!40103 SET TIME_ZONE=@OLD_TIME_ZONE */;

/*!40101 SET SQL_MODE=@OLD_SQL_MODE */;
/*!40014 SET FOREIGN_KEY_CHECKS=@OLD_FOREIGN_KEY_CHECKS */;
/*!40014 SET UNIQUE_CHECKS=@OLD_UNIQUE_CHECKS */;
/*!40101 SET CHARACTER_SET_CLIENT=@OLD_CHARACTER_SET_CLIENT */;
/*!40101 SET CHARACTER_SET_RESULTS=@OLD_CHARACTER_SET_RESULTS */;
/*!40101 SET COLLATION_CONNECTION=@OLD_COLLATION_CONNECTION */;
/*!40111 SET SQL_NOTES=@OLD_SQL_NOTES */;

-- Dump completed on 2023-07-25 13:05:14
