TRUNCATE TABLE "CardCombo";
TRUNCATE TABLE "Combo" CASCADE;
TRUNCATE TABLE "CardDeck";
TRUNCATE TABLE "Deck" CASCADE;
TRUNCATE TABLE "Card" CASCADE;
TRUNCATE TABLE "OS" CASCADE;
TRUNCATE TABLE "User";

INSERT INTO "OS" VALUES(0, '', '');
INSERT INTO "OS" VALUES(1, 'linux', 'linux.png');
INSERT INTO "OS" VALUES(2, 'windows', 'windows.png');
INSERT INTO "OS" VALUES(3, 'android', 'android.png');
INSERT INTO "OS" VALUES(4, 'iOS', 'iOS.png');

INSERT INTO "Card" (id, name, value, type, path) VALUES (2, 'Angular', 20, 'ATTACK', 'Angular.png');
INSERT INTO "Card" (id, name, value, type, path) VALUES (1, 'actix_web', 10, 'ATTACK', 'actix_web.png');
INSERT INTO "Card" (id, name, value, type, path) VALUES (3, 'ASP.NET.Core', 20, 'ATTACK', 'ASP.NET.Core.png');
INSERT INTO "Card" (id, name, value, type, path) VALUES (4, 'Bootstrap', 10, 'ATTACK', 'Bootstrap.png');
INSERT INTO "Card" (id, name, value, type, path) VALUES (5, 'C', 40, 'ATTACK', 'C.png');
INSERT INTO "Card" (id, name, value, type, path) VALUES (6, 'C#', 50, 'ATTACK', 'C#.png');
INSERT INTO "Card" (id, name, value, type, path) VALUES (7, 'C++', 50, 'ATTACK', 'C++.png');
INSERT INTO "Card" (id, name, value, type, path) VALUES (8, 'CakePHP', 10, 'ATTACK', 'CakePHP.png');
INSERT INTO "Card" (id, name, value, type, path) VALUES (9, 'cobol', 10, 'ATTACK', 'cobol.png');
INSERT INTO "Card" (id, name, value, type, path) VALUES (10, 'css', 10, 'ATTACK', 'css.png');

INSERT INTO "Card" (id, name, value, type, path) VALUES (11, 'dart', 20, 'ATTACK', 'dart.png');
INSERT INTO "Card" (id, os_id, name, value, type, path) VALUES (12, 1, 'django', 20, 'ATTACK', 'django.png');
INSERT INTO "Card" (id, name, value, type, path) VALUES (13, 'Echo', 20, 'ATTACK', 'Echo.png');
INSERT INTO "Card" (id, name, value, type, path) VALUES (14, 'Electron', 20, 'ATTACK', 'Electron.png');
INSERT INTO "Card" (id, name, value, type, path) VALUES (15, 'Elixir', 10, 'ATTACK', 'Elixir.png');
INSERT INTO "Card" (id, name, value, type, path) VALUES (16, 'Express', 20, 'ATTACK', 'Express.png');
INSERT INTO "Card" (id, os_id, name, value, type, path) VALUES (17, 1, 'FastAPI', 10, 'ATTACK', 'FastAPI.png');
INSERT INTO "Card" (id, os_id, name, value, type, path) VALUES (18, 1, 'Flask', 10, 'ATTACK', 'Flask.png');
INSERT INTO "Card" (id, name, value, type, path) VALUES (19, 'Flutter', 30, 'ATTACK', 'Flutter.png');
INSERT INTO "Card" (id, name, value, type, path) VALUES (20, 'Fortran', 20, 'ATTACK', 'Fortran.png');

INSERT INTO "Card" (id, name, value, type, path) VALUES (21, 'Gatsby', 10, 'ATTACK', 'Gatsby.png');
INSERT INTO "Card" (id, name, value, type, path) VALUES (22, 'Go', 40, 'ATTACK', 'Go.png');
INSERT INTO "Card" (id, name, value, type, path) VALUES (23, 'Haskell', 20, 'ATTACK', 'Haskell.png');
INSERT INTO "Card" (id, name, value, type, path) VALUES (24, 'HTML', 10, 'ATTACK', 'HTML.png');
INSERT INTO "Card" (id, name, value, type, path) VALUES (25, 'Java', 50, 'ATTACK', 'Java.png');
INSERT INTO "Card" (id, name, value, type, path) VALUES (26, 'JavaScript', 10, 'ATTACK', 'JavaScript.png');
INSERT INTO "Card" (id, name, value, type, path) VALUES (27, 'jQuery', 10, 'ATTACK', 'jQuery.png');
INSERT INTO "Card" (id, name, value, type, path) VALUES (28, 'Julia', 20, 'ATTACK', 'Julia.png');
INSERT INTO "Card" (id, os_id, name, value, type, path) VALUES (29, 3, 'Kotlin', 20, 'ATTACK', 'Kotlin.png');
INSERT INTO "Card" (id, os_id, name, value, type, path) VALUES (30, 3, 'Kotr', 10, 'ATTACK', 'Kotr.png');

INSERT INTO "Card" (id, name, value, type, path) VALUES (31, 'Laravel', 10, 'ATTACK', 'Laravel.png');
INSERT INTO "Card" (id, name, value, type, path) VALUES (32, 'MaterialUI', 10, 'ATTACK', 'MaterialUI.png');
INSERT INTO "Card" (id, name, value, type, path) VALUES (33, 'matlab', 20, 'ATTACK', 'matlab.png');
INSERT INTO "Card" (id, name, value, type, path) VALUES (34, 'Next.js', 20, 'ATTACK', 'Next.js.png');
INSERT INTO "Card" (id, os_id, name, value, type, path) VALUES (35, 2, 'Node.js', 30, 'ATTACK', 'Node.js.png');
INSERT INTO "Card" (id, name, value, type, path) VALUES (36, 'Nuxt.js', 20, 'ATTACK', 'Nuxt.js.png');
INSERT INTO "Card" (id, name, value, type, path) VALUES (37, 'Objective-C', 30, 'ATTACK', 'Objective-C.png');
INSERT INTO "Card" (id, name, value, type, path) VALUES (38, 'Perl', 20, 'ATTACK', 'Perl.png');
INSERT INTO "Card" (id, name, value, type, path) VALUES (39, 'phoenix', 10, 'ATTACK', 'phoenix.png');
INSERT INTO "Card" (id, name, value, type, path) VALUES (40, 'PHP', 30, 'ATTACK', 'PHP.png');

INSERT INTO "Card" (id, os_id, name, value, type, path) VALUES (41, 1, 'Python', 20, 'ATTACK', 'Python.png');
INSERT INTO "Card" (id, name, value, type, path) VALUES (42, 'R', 20, 'ATTACK', 'R.png');
INSERT INTO "Card" (id, name, value, type, path) VALUES (43, 'rails', 10, 'ATTACK', 'rails.png');
INSERT INTO "Card" (id, name, value, type, path) VALUES (44, 'React', 30, 'ATTACK', 'React.png');
INSERT INTO "Card" (id, name, value, type, path) VALUES (45, 'Ruby', 20, 'ATTACK', 'Ruby.png');
INSERT INTO "Card" (id, name, value, type, path) VALUES (46, 'Rust', 40, 'ATTACK', 'Rust.png');
INSERT INTO "Card" (id, name, value, type, path) VALUES (47, 'Sass', 10, 'ATTACK', 'Sass.png');
INSERT INTO "Card" (id, name, value, type, path) VALUES (48, 'scala', 20, 'ATTACK', 'scala.png');
INSERT INTO "Card" (id, name, value, type, path) VALUES (49, 'scratch', 20, 'ATTACK', 'scratch.png');
INSERT INTO "Card" (id, name, value, type, path) VALUES (50, 'Spring', 20, 'ATTACK', 'Spring.png');

INSERT INTO "Card" (id, name, value, type, path) VALUES (51, 'SQL', 40, 'ATTACK', 'SQL.png');
INSERT INTO "Card" (id, name, value, type, path) VALUES (52, 'Svelte', 10, 'ATTACK', 'Svelte.png');
INSERT INTO "Card" (id, os_id, name, value, type, path) VALUES (53, 4, 'Swift', 30, 'ATTACK', 'Swift.png');
INSERT INTO "Card" (id, os_id, name, value, type, path) VALUES (54, 4, 'SwiftUI', 10, 'ATTACK', 'SwiftUI.png');
INSERT INTO "Card" (id, name, value, type, path) VALUES (55, 'tailwind', 10, 'ATTACK', 'tailwind.png');
INSERT INTO "Card" (id, name, value, type, path) VALUES (56, 'tauri', 20, 'ATTACK', 'tauri.png');
INSERT INTO "Card" (id, name, value, type, path) VALUES (57, 'three.js', 10, 'ATTACK', 'three.js.png');
INSERT INTO "Card" (id, name, value, type, path) VALUES (58, 'TypeScript', 20, 'ATTACK', 'TypeScript.png');
INSERT INTO "Card" (id, name, value, type, path) VALUES (59, 'Vue.js', 20, 'ATTACK', 'Vue.js.png');
INSERT INTO "Card" (id, name, value, type, path) VALUES (60, 'Vuetify', 10, 'ATTACK', 'Vuetify.png');

INSERT INTO "Deck" VALUES (1, 'hoge');

INSERT INTO "Combo" VALUES (1, 'Mark Up', 'ATTACK', 0);
INSERT INTO "Combo" VALUES (2, 'Chalk & Cheese', 'ATTACK', 0);
INSERT INTO "Combo" VALUES (3, 'The Script Brothers', 'ATTACK', 0);
INSERT INTO "Combo" VALUES (4, 'Google', 'ATTACK', 0);
INSERT INTO "Combo" VALUES (5, 'Apple', 'ATTACK', 0);
INSERT INTO "Combo" VALUES (6, 'Bird', 'ATTACK', 0);
INSERT INTO "Combo" VALUES (7, 'Rookie', 'ATTACK', 0);
INSERT INTO "Combo" VALUES (8, 'RRR!', 'ATTACK', 0);
INSERT INTO "Combo" VALUES (9, 'PPP!', 'ATTACK', 0);
INSERT INTO "Combo" VALUES (10, 'Animal', 'ATTACK', 0);

INSERT INTO "Combo" VALUES (11, 'Pair', 'ATTACK', 0);
INSERT INTO "Combo" VALUES (12, 'Pair', 'ATTACK', 0);
INSERT INTO "Combo" VALUES (13, 'Pair', 'ATTACK', 0);
INSERT INTO "Combo" VALUES (14, 'Pair', 'ATTACK', 0);
INSERT INTO "Combo" VALUES (15, 'Pair', 'ATTACK', 0);
INSERT INTO "Combo" VALUES (16, 'Pair', 'ATTACK', 0);
INSERT INTO "Combo" VALUES (17, 'Pair', 'ATTACK', 0);
INSERT INTO "Combo" VALUES (18, 'Pair', 'ATTACK', 0);
INSERT INTO "Combo" VALUES (19, 'Pair', 'ATTACK', 0);
INSERT INTO "Combo" VALUES (20, 'Pair', 'ATTACK', 0);

INSERT INTO "Combo" VALUES (21, 'Pair', 'ATTACK', 0);
INSERT INTO "Combo" VALUES (23, 'Pair', 'ATTACK', 0);
INSERT INTO "Combo" VALUES (22, 'Pair', 'ATTACK', 0);
INSERT INTO "Combo" VALUES (24, 'Pair', 'ATTACK', 0);
INSERT INTO "Combo" VALUES (26, 'Pair', 'ATTACK', 0);
INSERT INTO "Combo" VALUES (25, 'Pair', 'ATTACK', 0);
INSERT INTO "Combo" VALUES (27, 'Pair', 'ATTACK', 0);
INSERT INTO "Combo" VALUES (28, 'Pair', 'ATTACK', 0);
INSERT INTO "Combo" VALUES (29, 'Pair', 'ATTACK', 0);
INSERT INTO "Combo" VALUES (30, 'Pair', 'ATTACK', 0);

INSERT INTO "Combo" VALUES (31, 'Pair', 'ATTACK', 0);
INSERT INTO "Combo" VALUES (32, 'Pair', 'ATTACK', 0);
INSERT INTO "Combo" VALUES (33, 'Pair', 'ATTACK', 0);
INSERT INTO "Combo" VALUES (34, 'Pair', 'ATTACK', 0);
INSERT INTO "Combo" VALUES (35, 'Pair', 'ATTACK', 0);
INSERT INTO "Combo" VALUES (36, 'Pair', 'ATTACK', 0);
INSERT INTO "Combo" VALUES (37, 'Pair', 'ATTACK', 0);
INSERT INTO "Combo" VALUES (38, 'Pair', 'ATTACK', 0);
INSERT INTO "Combo" VALUES (39, 'Pair', 'ATTACK', 0);
INSERT INTO "Combo" VALUES (40, 'Pair', 'ATTACK', 0);

INSERT INTO "Combo" VALUES (41, 'Pair', 'ATTACK', 0);
INSERT INTO "Combo" VALUES (42, 'Pair', 'ATTACK', 0);
INSERT INTO "Combo" VALUES (43, 'Pair', 'ATTACK', 0);
INSERT INTO "Combo" VALUES (44, 'Pair', 'ATTACK', 0);
INSERT INTO "Combo" VALUES (45, 'Pair', 'ATTACK', 0);
INSERT INTO "Combo" VALUES (46, 'Pair', 'ATTACK', 0);
INSERT INTO "Combo" VALUES (47, 'Pair', 'ATTACK', 0);
INSERT INTO "Combo" VALUES (48, 'Pair', 'ATTACK', 0);

INSERT INTO "CardCombo" (id, combo_id, card_id) VALUES (1, 1, 24);
INSERT INTO "CardCombo" (id, combo_id, card_id) VALUES (2, 1, 10);
INSERT INTO "CardCombo" (id, combo_id, card_id) VALUES (3, 2, 25);
INSERT INTO "CardCombo" (id, combo_id, card_id) VALUES (4, 2, 26);
INSERT INTO "CardCombo" (id, combo_id, card_id) VALUES (5, 3, 26);
INSERT INTO "CardCombo" (id, combo_id, card_id) VALUES (6, 3, 58);
INSERT INTO "CardCombo" (id, combo_id, card_id) VALUES (7, 4, 11);
INSERT INTO "CardCombo" (id, combo_id, card_id) VALUES (8, 4, 22);
INSERT INTO "CardCombo" (id, combo_id, card_id) VALUES (9, 5, 37);
INSERT INTO "CardCombo" (id, combo_id, card_id) VALUES (10, 5, 53);

INSERT INTO "CardCombo" (id, combo_id, card_id) VALUES (11, 6, 53);
INSERT INTO "CardCombo" (id, combo_id, card_id) VALUES (12, 6, 39);
INSERT INTO "CardCombo" (id, combo_id, card_id) VALUES (13, 7, 10);
INSERT INTO "CardCombo" (id, combo_id, card_id) VALUES (14, 7, 24);
INSERT INTO "CardCombo" (id, combo_id, card_id) VALUES (15, 7, 26);
INSERT INTO "CardCombo" (id, combo_id, card_id) VALUES (16, 8, 42);
INSERT INTO "CardCombo" (id, combo_id, card_id) VALUES (17, 8, 45);
INSERT INTO "CardCombo" (id, combo_id, card_id) VALUES (18, 8, 46);
INSERT INTO "CardCombo" (id, combo_id, card_id) VALUES (19, 9, 40);
INSERT INTO "CardCombo" (id, combo_id, card_id) VALUES (20, 9, 41);

INSERT INTO "CardCombo" (id, combo_id, card_id) VALUES (21, 9, 38);
INSERT INTO "CardCombo" (id, combo_id, card_id) VALUES (22, 10, 22);
INSERT INTO "CardCombo" (id, combo_id, card_id) VALUES (23, 10, 49);
INSERT INTO "CardCombo" (id, combo_id, card_id) VALUES (24, 11, 41);
INSERT INTO "CardCombo" (id, combo_id, card_id) VALUES (25, 11, 12);
INSERT INTO "CardCombo" (id, combo_id, card_id) VALUES (26, 12, 41);
INSERT INTO "CardCombo" (id, combo_id, card_id) VALUES (27, 12, 18);
INSERT INTO "CardCombo" (id, combo_id, card_id) VALUES (28, 13, 41);
INSERT INTO "CardCombo" (id, combo_id, card_id) VALUES (29, 13, 17);
INSERT INTO "CardCombo" (id, combo_id, card_id) VALUES (30, 14, 1);

INSERT INTO "CardCombo" (id, combo_id, card_id) VALUES (31, 14, 46);
INSERT INTO "CardCombo" (id, combo_id, card_id) VALUES (32, 15, 2);
INSERT INTO "CardCombo" (id, combo_id, card_id) VALUES (33, 15, 26);
INSERT INTO "CardCombo" (id, combo_id, card_id) VALUES (34, 16, 2);
INSERT INTO "CardCombo" (id, combo_id, card_id) VALUES (35, 16, 58);
INSERT INTO "CardCombo" (id, combo_id, card_id) VALUES (36, 17, 6);
INSERT INTO "CardCombo" (id, combo_id, card_id) VALUES (37, 17, 3);
INSERT INTO "CardCombo" (id, combo_id, card_id) VALUES (38, 18, 4);
INSERT INTO "CardCombo" (id, combo_id, card_id) VALUES (39, 18, 10);
INSERT INTO "CardCombo" (id, combo_id, card_id) VALUES (40, 19, 8);

INSERT INTO "CardCombo" (id, combo_id, card_id) VALUES (41, 19, 40);
INSERT INTO "CardCombo" (id, combo_id, card_id) VALUES (42, 20, 13);
INSERT INTO "CardCombo" (id, combo_id, card_id) VALUES (43, 20, 22);
INSERT INTO "CardCombo" (id, combo_id, card_id) VALUES (44, 21, 14);
INSERT INTO "CardCombo" (id, combo_id, card_id) VALUES (45, 21, 26);
INSERT INTO "CardCombo" (id, combo_id, card_id) VALUES (46, 22, 14);
INSERT INTO "CardCombo" (id, combo_id, card_id) VALUES (47, 22, 58);
INSERT INTO "CardCombo" (id, combo_id, card_id) VALUES (48, 23, 16);
INSERT INTO "CardCombo" (id, combo_id, card_id) VALUES (49, 23, 35);
INSERT INTO "CardCombo" (id, combo_id, card_id) VALUES (50, 24, 11);

INSERT INTO "CardCombo" (id, combo_id, card_id) VALUES (51, 24, 19);
INSERT INTO "CardCombo" (id, combo_id, card_id) VALUES (52, 25, 21);
INSERT INTO "CardCombo" (id, combo_id, card_id) VALUES (53, 25, 44);
INSERT INTO "CardCombo" (id, combo_id, card_id) VALUES (54, 26, 29);
INSERT INTO "CardCombo" (id, combo_id, card_id) VALUES (55, 26, 30);
INSERT INTO "CardCombo" (id, combo_id, card_id) VALUES (56, 27, 31);
INSERT INTO "CardCombo" (id, combo_id, card_id) VALUES (57, 27, 40);
INSERT INTO "CardCombo" (id, combo_id, card_id) VALUES (58, 28, 45);
INSERT INTO "CardCombo" (id, combo_id, card_id) VALUES (59, 28, 43);
INSERT INTO "CardCombo" (id, combo_id, card_id) VALUES (60, 29, 44);

INSERT INTO "CardCombo" (id, combo_id, card_id) VALUES (61, 29, 34);
INSERT INTO "CardCombo" (id, combo_id, card_id) VALUES (62, 30, 47);
INSERT INTO "CardCombo" (id, combo_id, card_id) VALUES (63, 30, 10);
INSERT INTO "CardCombo" (id, combo_id, card_id) VALUES (64, 31, 25);
INSERT INTO "CardCombo" (id, combo_id, card_id) VALUES (65, 31, 50);
INSERT INTO "CardCombo" (id, combo_id, card_id) VALUES (66, 32, 26);
INSERT INTO "CardCombo" (id, combo_id, card_id) VALUES (67, 32, 52);
INSERT INTO "CardCombo" (id, combo_id, card_id) VALUES (68, 33, 58);
INSERT INTO "CardCombo" (id, combo_id, card_id) VALUES (69, 33, 52);
INSERT INTO "CardCombo" (id, combo_id, card_id) VALUES (70, 34, 26);

INSERT INTO "CardCombo" (id, combo_id, card_id) VALUES (71, 34, 27);
INSERT INTO "CardCombo" (id, combo_id, card_id) VALUES (72, 35, 32);
INSERT INTO "CardCombo" (id, combo_id, card_id) VALUES (73, 35, 10);
INSERT INTO "CardCombo" (id, combo_id, card_id) VALUES (74, 36, 36);
INSERT INTO "CardCombo" (id, combo_id, card_id) VALUES (75, 36, 59);
INSERT INTO "CardCombo" (id, combo_id, card_id) VALUES (76, 37, 35);
INSERT INTO "CardCombo" (id, combo_id, card_id) VALUES (77, 37, 26);
INSERT INTO "CardCombo" (id, combo_id, card_id) VALUES (78, 38, 35);
INSERT INTO "CardCombo" (id, combo_id, card_id) VALUES (79, 38, 58);
INSERT INTO "CardCombo" (id, combo_id, card_id) VALUES (80, 39, 53);

INSERT INTO "CardCombo" (id, combo_id, card_id) VALUES (81, 39, 54);
INSERT INTO "CardCombo" (id, combo_id, card_id) VALUES (82, 40, 55);
INSERT INTO "CardCombo" (id, combo_id, card_id) VALUES (83, 40, 10);
INSERT INTO "CardCombo" (id, combo_id, card_id) VALUES (84, 41, 56);
INSERT INTO "CardCombo" (id, combo_id, card_id) VALUES (85, 41, 46);
INSERT INTO "CardCombo" (id, combo_id, card_id) VALUES (86, 42, 57);
INSERT INTO "CardCombo" (id, combo_id, card_id) VALUES (87, 42, 26);
INSERT INTO "CardCombo" (id, combo_id, card_id) VALUES (88, 43, 57);
INSERT INTO "CardCombo" (id, combo_id, card_id) VALUES (89, 43, 58);
INSERT INTO "CardCombo" (id, combo_id, card_id) VALUES (90, 44, 59);

INSERT INTO "CardCombo" (id, combo_id, card_id) VALUES (91, 44, 26);
INSERT INTO "CardCombo" (id, combo_id, card_id) VALUES (92, 45, 59);
INSERT INTO "CardCombo" (id, combo_id, card_id) VALUES (93, 45, 58);
INSERT INTO "CardCombo" (id, combo_id, card_id) VALUES (94, 46, 26);
INSERT INTO "CardCombo" (id, combo_id, card_id) VALUES (95, 46, 44);
INSERT INTO "CardCombo" (id, combo_id, card_id) VALUES (96, 47, 58);
INSERT INTO "CardCombo" (id, combo_id, card_id) VALUES (97, 47, 44);
INSERT INTO "CardCombo" (id, combo_id, card_id) VALUES (98, 48, 59);
INSERT INTO "CardCombo" (id, combo_id, card_id) VALUES (99, 48, 60);